,label_true,value_true,label_pred,value_pred
0,Antoninus Pius,0,Antoninus Pius,0
1,Antoninus Pius,0,Antoninus Pius,0
2,Antoninus Pius,0,Antoninus Pius,0
3,Antoninus Pius,0,Antoninus Pius,0
4,Antoninus Pius,0,Antoninus Pius,0
5,Antoninus Pius,0,Antoninus Pius,0
6,Antoninus Pius,0,Antoninus Pius,0
7,Antoninus Pius,0,Antoninus Pius,0
8,Antoninus Pius,0,Antoninus Pius,0
9,Antoninus Pius,0,Antoninus Pius,0
10,Antoninus Pius,0,Antoninus Pius,0
11,Antoninus Pius,0,Antoninus Pius,0
12,Antoninus Pius,0,Antoninus Pius,0
13,Antoninus Pius,0,Antoninus Pius,0
14,Antoninus Pius,0,Antoninus Pius,0
15,Antoninus Pius,0,Marcus Aurelius,9
16,Antoninus Pius,0,Antoninus Pius,0
17,Antoninus Pius,0,Antoninus Pius,0
18,Antoninus Pius,0,Antoninus Pius,0
19,Antoninus Pius,0,Antoninus Pius,0
20,Antoninus Pius,0,Antoninus Pius,0
21,Antoninus Pius,0,Antoninus Pius,0
22,Antoninus Pius,0,Hadrian,7
23,Antoninus Pius,0,Antoninus Pius,0
24,Antoninus Pius,0,Marcus Aurelius,9
25,Antoninus Pius,0,Antoninus Pius,0
26,Antoninus Pius,0,Antoninus Pius,0
27,Antoninus Pius,0,Antoninus Pius,0
28,Antoninus Pius,0,Antoninus Pius,0
29,Antoninus Pius,0,Antoninus Pius,0
30,Antoninus Pius,0,Antoninus Pius,0
31,Antoninus Pius,0,Antoninus Pius,0
32,Antoninus Pius,0,Antoninus Pius,0
33,Antoninus Pius,0,Hadrian,7
34,Antoninus Pius,0,Antoninus Pius,0
35,Antoninus Pius,0,Antoninus Pius,0
36,Antoninus Pius,0,Antoninus Pius,0
37,Antoninus Pius,0,Marcus Aurelius,9
38,Antoninus Pius,0,Antoninus Pius,0
39,Antoninus Pius,0,Antoninus Pius,0
40,Antoninus Pius,0,Antoninus Pius,0
41,Antoninus Pius,0,Antoninus Pius,0
42,Antoninus Pius,0,Hadrian,7
43,Antoninus Pius,0,Antoninus Pius,0
44,Antoninus Pius,0,Antoninus Pius,0
45,Antoninus Pius,0,Antoninus Pius,0
46,Antoninus Pius,0,Antoninus Pius,0
47,Antoninus Pius,0,Antoninus Pius,0
48,Antoninus Pius,0,Antoninus Pius,0
49,Antoninus Pius,0,Antoninus Pius,0
50,Antoninus Pius,0,Antoninus Pius,0
51,Antoninus Pius,0,Antoninus Pius,0
52,Antoninus Pius,0,Antoninus Pius,0
53,Antoninus Pius,0,Antoninus Pius,0
54,Antoninus Pius,0,Antoninus Pius,0
55,Antoninus Pius,0,Antoninus Pius,0
56,Antoninus Pius,0,Antoninus Pius,0
57,Antoninus Pius,0,Antoninus Pius,0
58,Antoninus Pius,0,Antoninus Pius,0
59,Antoninus Pius,0,Antoninus Pius,0
60,Antoninus Pius,0,Antoninus Pius,0
61,Antoninus Pius,0,Antoninus Pius,0
62,Antoninus Pius,0,Antoninus Pius,0
63,Antoninus Pius,0,Antoninus Pius,0
64,Antoninus Pius,0,Antoninus Pius,0
65,Antoninus Pius,0,Antoninus Pius,0
66,Antoninus Pius,0,Antoninus Pius,0
67,Antoninus Pius,0,Hadrian,7
68,Antoninus Pius,0,Marcus Aurelius,9
69,Antoninus Pius,0,Antoninus Pius,0
70,Antoninus Pius,0,Antoninus Pius,0
71,Antoninus Pius,0,Antoninus Pius,0
72,Antoninus Pius,0,Antoninus Pius,0
73,Antoninus Pius,0,Antoninus Pius,0
74,Antoninus Pius,0,Antoninus Pius,0
75,Antoninus Pius,0,Antoninus Pius,0
76,Antoninus Pius,0,Antoninus Pius,0
77,Antoninus Pius,0,Antoninus Pius,0
78,Antoninus Pius,0,Antoninus Pius,0
79,Antoninus Pius,0,Antoninus Pius,0
80,Antoninus Pius,0,Antoninus Pius,0
81,Antoninus Pius,0,Antoninus Pius,0
82,Antoninus Pius,0,Antoninus Pius,0
83,Antoninus Pius,0,Antoninus Pius,0
84,Antoninus Pius,0,Antoninus Pius,0
85,Antoninus Pius,0,Antoninus Pius,0
86,Antoninus Pius,0,Antoninus Pius,0
87,Antoninus Pius,0,Antoninus Pius,0
88,Antoninus Pius,0,Antoninus Pius,0
89,Antoninus Pius,0,Antoninus Pius,0
90,Antoninus Pius,0,Antoninus Pius,0
91,Antoninus Pius,0,Antoninus Pius,0
92,Antoninus Pius,0,Antoninus Pius,0
93,Antoninus Pius,0,Antoninus Pius,0
94,Antoninus Pius,0,Hadrian,7
95,Antoninus Pius,0,Antoninus Pius,0
96,Antoninus Pius,0,Antoninus Pius,0
97,Antoninus Pius,0,Antoninus Pius,0
98,Antoninus Pius,0,Antoninus Pius,0
99,Antoninus Pius,0,Antoninus Pius,0
100,Antoninus Pius,0,Antoninus Pius,0
101,Antoninus Pius,0,Antoninus Pius,0
102,Antoninus Pius,0,Antoninus Pius,0
103,Antoninus Pius,0,Antoninus Pius,0
104,Antoninus Pius,0,Antoninus Pius,0
105,Antoninus Pius,0,Antoninus Pius,0
106,Antoninus Pius,0,Antoninus Pius,0
107,Antoninus Pius,0,Antoninus Pius,0
108,Antoninus Pius,0,Antoninus Pius,0
109,Antoninus Pius,0,Marcus Aurelius,9
110,Antoninus Pius,0,Antoninus Pius,0
111,Antoninus Pius,0,Antoninus Pius,0
112,Antoninus Pius,0,Antoninus Pius,0
113,Antoninus Pius,0,Antoninus Pius,0
114,Antoninus Pius,0,Antoninus Pius,0
115,Antoninus Pius,0,Marcus Aurelius,9
116,Antoninus Pius,0,Antoninus Pius,0
117,Antoninus Pius,0,Hadrian,7
118,Antoninus Pius,0,Antoninus Pius,0
119,Antoninus Pius,0,Antoninus Pius,0
120,Antoninus Pius,0,Antoninus Pius,0
121,Antoninus Pius,0,Antoninus Pius,0
122,Antoninus Pius,0,Antoninus Pius,0
123,Constantine I,1,Constantine I,1
124,Constantine I,1,Constantine I,1
125,Constantine I,1,Constantius II,3
126,Constantine I,1,Constantine I,1
127,Constantine I,1,Constantine I,1
128,Constantine I,1,Constantine I,1
129,Constantine I,1,Constantine I,1
130,Constantine I,1,Constantine I,1
131,Constantine I,1,Constantine I,1
132,Constantine I,1,Constantine I,1
133,Constantine I,1,Licinius,8
134,Constantine I,1,Constantine I,1
135,Constantine I,1,Constantine I,1
136,Constantine I,1,Constantine I,1
137,Constantine I,1,Constantine I,1
138,Constantine I,1,Constantine I,1
139,Constantine I,1,Constantius II,3
140,Constantine I,1,Constantine I,1
141,Constantine I,1,Constantine I,1
142,Constantine I,1,Constantine I,1
143,Constantine I,1,Constantine I,1
144,Constantine I,1,Constantine I,1
145,Constantine I,1,Constantine I,1
146,Constantine I,1,Constantine I,1
147,Constantine I,1,Constantine I,1
148,Constantine I,1,Constantine II,2
149,Constantine I,1,Constantine I,1
150,Constantine I,1,Constantine I,1
151,Constantine I,1,Constantine I,1
152,Constantine I,1,Constantine II,2
153,Constantine I,1,Constantine I,1
154,Constantine I,1,Constantine I,1
155,Constantine I,1,Constantine I,1
156,Constantine I,1,Constantine I,1
157,Constantine I,1,Constantine I,1
158,Constantine I,1,Constantine I,1
159,Constantine I,1,Constantine I,1
160,Constantine I,1,Constantine I,1
161,Constantine I,1,Constantine I,1
162,Constantine I,1,Constantine II,2
163,Constantine I,1,Constantine I,1
164,Constantine I,1,Constantine II,2
165,Constantine I,1,Constantine I,1
166,Constantine I,1,Constantine I,1
167,Constantine I,1,Constantine I,1
168,Constantine I,1,Constantius II,3
169,Constantine I,1,Constantius II,3
170,Constantine I,1,Constantine I,1
171,Constantine I,1,Constantine I,1
172,Constantine I,1,Constantine I,1
173,Constantine I,1,Constantine I,1
174,Constantine I,1,Constantine I,1
175,Constantine I,1,Constantine I,1
176,Constantine I,1,Constantine I,1
177,Constantine I,1,Constantine I,1
178,Constantine I,1,Constantine II,2
179,Constantine I,1,Constantine I,1
180,Constantine I,1,Constantine I,1
181,Constantine I,1,Constantine I,1
182,Constantine I,1,Constantine I,1
183,Constantine I,1,Constantine I,1
184,Constantine I,1,Constantine I,1
185,Constantine I,1,Constantine I,1
186,Constantine I,1,Constantine I,1
187,Constantine I,1,Constantine I,1
188,Constantine I,1,Constantine I,1
189,Constantine I,1,Constantine I,1
190,Constantine I,1,Constantine I,1
191,Constantine I,1,Constantine I,1
192,Constantine I,1,Constantine I,1
193,Constantine I,1,Constantine I,1
194,Constantine I,1,Constantine I,1
195,Constantine I,1,Constantine I,1
196,Constantine I,1,Constantine I,1
197,Constantine I,1,Constantine I,1
198,Constantine I,1,Constantine II,2
199,Constantine I,1,Constantine I,1
200,Constantine I,1,Constantine II,2
201,Constantine I,1,Constantius II,3
202,Constantine I,1,Constantine I,1
203,Constantine I,1,Constantine I,1
204,Constantine I,1,Constantine I,1
205,Constantine I,1,Constantine I,1
206,Constantine I,1,Constantine I,1
207,Constantine I,1,Constantine I,1
208,Constantine I,1,Constantine I,1
209,Constantine I,1,Constantine I,1
210,Constantine I,1,Constantine I,1
211,Constantine I,1,Licinius,8
212,Constantine I,1,Constantine I,1
213,Constantine I,1,Constantine I,1
214,Constantine I,1,Constantine I,1
215,Constantine I,1,Licinius,8
216,Constantine I,1,Licinius,8
217,Constantine I,1,Constantine I,1
218,Constantine I,1,Constantine I,1
219,Constantine I,1,Constantine I,1
220,Constantine I,1,Constantine I,1
221,Constantine I,1,Constantine I,1
222,Constantine I,1,Constantine I,1
223,Constantine I,1,Constantine I,1
224,Constantine I,1,Constantine I,1
225,Constantine I,1,Constantine I,1
226,Constantine I,1,Constantine I,1
227,Constantine I,1,Constantine I,1
228,Constantine I,1,Constantine I,1
229,Constantine I,1,Constantine I,1
230,Constantine I,1,Constantine I,1
231,Constantine I,1,Constantine I,1
232,Constantine I,1,Constantine I,1
233,Constantine I,1,Constantius II,3
234,Constantine I,1,Constantine I,1
235,Constantine I,1,Constantine I,1
236,Constantine I,1,Constantius II,3
237,Constantine I,1,Constantius II,3
238,Constantine I,1,Constantine I,1
239,Constantine II,2,Constantius II,3
240,Constantine II,2,Hadrian,7
241,Constantine II,2,Constantine II,2
242,Constantine II,2,Licinius,8
243,Constantine II,2,Gallienus,6
244,Constantine II,2,Constantine II,2
245,Constantine II,2,Constantine II,2
246,Constantine II,2,Constantine II,2
247,Constantine II,2,Constantine II,2
248,Constantine II,2,Constantine II,2
249,Constantine II,2,Constantine I,1
250,Constantine II,2,Constantine II,2
251,Constantine II,2,Constantine II,2
252,Constantine II,2,Constantine II,2
253,Constantine II,2,Constantine II,2
254,Constantine II,2,Constantine II,2
255,Constantine II,2,Constantine II,2
256,Constantine II,2,Constantine II,2
257,Constantine II,2,Constantine II,2
258,Constantine II,2,Constantine II,2
259,Constantine II,2,Constantine II,2
260,Constantine II,2,Constantine II,2
261,Constantine II,2,Constantine II,2
262,Constantine II,2,Constantine II,2
263,Constantine II,2,Constantine II,2
264,Constantine II,2,Constantine II,2
265,Constantine II,2,Constantine II,2
266,Constantine II,2,Constantine II,2
267,Constantine II,2,Constantine II,2
268,Constantine II,2,Licinius,8
269,Constantine II,2,Constantine II,2
270,Constantine II,2,Constantine II,2
271,Constantine II,2,Constantine II,2
272,Constantine II,2,Constantine II,2
273,Constantine II,2,Constantine II,2
274,Constantine II,2,Constantine II,2
275,Constantine II,2,Constantine I,1
276,Constantine II,2,Constantius II,3
277,Constantine II,2,Constantine II,2
278,Constantine II,2,Constantine II,2
279,Constantine II,2,Constantius II,3
280,Constantine II,2,Constantine II,2
281,Constantine II,2,Constantine II,2
282,Constantine II,2,Constantine II,2
283,Constantine II,2,Constantine II,2
284,Constantine II,2,Constantine II,2
285,Constantine II,2,Constantine II,2
286,Constantine II,2,Constantine II,2
287,Constantine II,2,Constantine II,2
288,Constantine II,2,Licinius,8
289,Constantine II,2,Constantine II,2
290,Constantine II,2,Constantius II,3
291,Constantine II,2,Constantine II,2
292,Constantine II,2,Constantius II,3
293,Constantine II,2,Constantine II,2
294,Constantine II,2,Constantine II,2
295,Constantine II,2,Constantine II,2
296,Constantine II,2,Constantine II,2
297,Constantine II,2,Constantine II,2
298,Constantine II,2,Constantine II,2
299,Constantine II,2,Constantine II,2
300,Constantine II,2,Constantine II,2
301,Constantine II,2,Constantine II,2
302,Constantine II,2,Constantine II,2
303,Constantine II,2,Constantine II,2
304,Constantine II,2,Constantine II,2
305,Constantine II,2,Constantine I,1
306,Constantine II,2,Constantius II,3
307,Constantine II,2,Constantine II,2
308,Constantine II,2,Constantine II,2
309,Constantine II,2,Constantine II,2
310,Constantine II,2,Constantine II,2
311,Constantine II,2,Constantine II,2
312,Constantine II,2,Galerius,5
313,Constantine II,2,Constantine II,2
314,Constantine II,2,Constantine II,2
315,Constantine II,2,Constantine II,2
316,Constantine II,2,Constantine II,2
317,Constantine II,2,Constantine II,2
318,Constantine II,2,Constantine II,2
319,Constantine II,2,Constantine II,2
320,Constantine II,2,Maximian,10
321,Constantine II,2,Trajan,11
322,Constantine II,2,Constantine II,2
323,Constantine II,2,Constantine II,2
324,Constantine II,2,Constantine II,2
325,Constantine II,2,Constantine II,2
326,Constantine II,2,Constantius II,3
327,Constantine II,2,Constantine II,2
328,Constantine II,2,Constantine II,2
329,Constantine II,2,Constantine II,2
330,Constantine II,2,Constantius II,3
331,Constantine II,2,Licinius,8
332,Constantine II,2,Constantine I,1
333,Constantine II,2,Constantius II,3
334,Constantine II,2,Constantius II,3
335,Constantine II,2,Constantius II,3
336,Constantine II,2,Constantius II,3
337,Constantine II,2,Constantine I,1
338,Constantine II,2,Constantine I,1
339,Constantine II,2,Constantine I,1
340,Constantine II,2,Constantius II,3
341,Constantine II,2,Constantine II,2
342,Constantine II,2,Constantine II,2
343,Constantine II,2,Licinius,8
344,Constantine II,2,Constantius II,3
345,Constantine II,2,Constantine II,2
346,Constantine II,2,Constantine II,2
347,Constantine II,2,Constantius II,3
348,Constantine II,2,Hadrian,7
349,Constantine II,2,Constantine II,2
350,Constantine II,2,Licinius,8
351,Constantine II,2,Gallienus,6
352,Constantine II,2,Constantine I,1
353,Constantine II,2,Constantine II,2
354,Constantine II,2,Constantine II,2
355,Constantine II,2,Constantine II,2
356,Constantine II,2,Constantine II,2
357,Constantine II,2,Constantine II,2
358,Constantine II,2,Constantine I,1
359,Constantine II,2,Constantius II,3
360,Constantine II,2,Constantius II,3
361,Constantine II,2,Constantius II,3
362,Constantine II,2,Constantine I,1
363,Constantine II,2,Constantine I,1
364,Constantine II,2,Constantine I,1
365,Constantine II,2,Constantius II,3
366,Constantine II,2,Constantine II,2
367,Constantine II,2,Licinius,8
368,Constantius II,3,Constantius II,3
369,Constantius II,3,Constantius II,3
370,Constantius II,3,Constantius II,3
371,Constantius II,3,Constantius II,3
372,Constantius II,3,Constantine II,2
373,Constantius II,3,Constantius II,3
374,Constantius II,3,Constantine II,2
375,Constantius II,3,Constantine II,2
376,Constantius II,3,Constantius II,3
377,Constantius II,3,Constantine I,1
378,Constantius II,3,Constantius II,3
379,Constantius II,3,Constantine II,2
380,Constantius II,3,Constantius II,3
381,Constantius II,3,Constantine II,2
382,Constantius II,3,Constantius II,3
383,Constantius II,3,Constantine II,2
384,Constantius II,3,Constantine II,2
385,Constantius II,3,Constantine II,2
386,Constantius II,3,Constantine II,2
387,Constantius II,3,Constantius II,3
388,Constantius II,3,Constantius II,3
389,Constantius II,3,Constantine II,2
390,Constantius II,3,Constantius II,3
391,Constantius II,3,Constantius II,3
392,Constantius II,3,Constantius II,3
393,Constantius II,3,Constantius II,3
394,Constantius II,3,Constantine II,2
395,Constantius II,3,Constantius II,3
396,Constantius II,3,Constantius II,3
397,Constantius II,3,Constantius II,3
398,Constantius II,3,Constantius II,3
399,Constantius II,3,Constantius II,3
400,Constantius II,3,Constantius II,3
401,Constantius II,3,Constantius II,3
402,Constantius II,3,Constantine I,1
403,Constantius II,3,Constantius II,3
404,Constantius II,3,Constantius II,3
405,Constantius II,3,Constantius II,3
406,Constantius II,3,Constantius II,3
407,Constantius II,3,Constantius II,3
408,Constantius II,3,Constantius II,3
409,Constantius II,3,Constantius II,3
410,Constantius II,3,Constantius II,3
411,Constantius II,3,Constantius II,3
412,Constantius II,3,Constantius II,3
413,Constantius II,3,Constantius II,3
414,Constantius II,3,Constantius II,3
415,Constantius II,3,Constantius II,3
416,Constantius II,3,Constantius II,3
417,Constantius II,3,Constantius II,3
418,Constantius II,3,Constantine II,2
419,Constantius II,3,Constantius II,3
420,Constantius II,3,Constantius II,3
421,Constantius II,3,Constantius II,3
422,Constantius II,3,Constantius II,3
423,Constantius II,3,Constantius II,3
424,Constantius II,3,Constantius II,3
425,Constantius II,3,Constantius II,3
426,Constantius II,3,Constantius II,3
427,Constantius II,3,Constantius II,3
428,Constantius II,3,Constantius II,3
429,Constantius II,3,Constantius II,3
430,Constantius II,3,Constantius II,3
431,Constantius II,3,Constantius II,3
432,Constantius II,3,Constantius II,3
433,Constantius II,3,Constantius II,3
434,Constantius II,3,Constantius II,3
435,Constantius II,3,Constantius II,3
436,Constantius II,3,Constantius II,3
437,Constantius II,3,Constantius II,3
438,Constantius II,3,Constantius II,3
439,Constantius II,3,Constantine I,1
440,Constantius II,3,Constantius II,3
441,Constantius II,3,Constantius II,3
442,Constantius II,3,Constantius II,3
443,Constantius II,3,Constantius II,3
444,Constantius II,3,Constantius II,3
445,Constantius II,3,Constantius II,3
446,Constantius II,3,Constantius II,3
447,Constantius II,3,Constantius II,3
448,Constantius II,3,Constantius II,3
449,Constantius II,3,Constantius II,3
450,Constantius II,3,Constantius II,3
451,Constantius II,3,Constantius II,3
452,Constantius II,3,Constantius II,3
453,Constantius II,3,Constantine II,2
454,Constantius II,3,Constantius II,3
455,Constantius II,3,Constantius II,3
456,Constantius II,3,Constantine II,2
457,Constantius II,3,Constantius II,3
458,Constantius II,3,Constantine I,1
459,Constantius II,3,Constantius II,3
460,Constantius II,3,Constantius II,3
461,Constantius II,3,Constantius II,3
462,Constantius II,3,Constantius II,3
463,Constantius II,3,Constantius II,3
464,Constantius II,3,Constantius II,3
465,Constantius II,3,Constantine I,1
466,Constantius II,3,Constantius II,3
467,Constantius II,3,Constantius II,3
468,Constantius II,3,Constantius II,3
469,Constantius II,3,Hadrian,7
470,Constantius II,3,Constantius II,3
471,Constantius II,3,Constantine I,1
472,Constantius II,3,Constantius II,3
473,Constantius II,3,Constantius II,3
474,Constantius II,3,Constantius II,3
475,Constantius II,3,Constantius II,3
476,Constantius II,3,Constantius II,3
477,Constantius II,3,Constantius II,3
478,Constantius II,3,Constantius II,3
479,Constantius II,3,Constantius II,3
480,Constantius II,3,Constantius II,3
481,Constantius II,3,Constantius II,3
482,Constantius II,3,Constantine II,2
483,Constantius II,3,Constantine II,2
484,Constantius II,3,Constantius II,3
485,Constantius II,3,Constantius II,3
486,Diocletian,4,Diocletian,4
487,Diocletian,4,Diocletian,4
488,Diocletian,4,Diocletian,4
489,Diocletian,4,Galerius,5
490,Diocletian,4,Diocletian,4
491,Diocletian,4,Diocletian,4
492,Diocletian,4,Diocletian,4
493,Diocletian,4,Diocletian,4
494,Diocletian,4,Diocletian,4
495,Diocletian,4,Diocletian,4
496,Diocletian,4,Diocletian,4
497,Diocletian,4,Diocletian,4
498,Diocletian,4,Diocletian,4
499,Diocletian,4,Diocletian,4
500,Diocletian,4,Diocletian,4
501,Diocletian,4,Maximian,10
502,Diocletian,4,Diocletian,4
503,Diocletian,4,Galerius,5
504,Diocletian,4,Diocletian,4
505,Diocletian,4,Galerius,5
506,Diocletian,4,Diocletian,4
507,Diocletian,4,Diocletian,4
508,Diocletian,4,Diocletian,4
509,Diocletian,4,Diocletian,4
510,Diocletian,4,Maximian,10
511,Diocletian,4,Galerius,5
512,Diocletian,4,Diocletian,4
513,Diocletian,4,Maximian,10
514,Diocletian,4,Diocletian,4
515,Diocletian,4,Diocletian,4
516,Diocletian,4,Diocletian,4
517,Diocletian,4,Maximian,10
518,Diocletian,4,Diocletian,4
519,Diocletian,4,Diocletian,4
520,Diocletian,4,Diocletian,4
521,Diocletian,4,Galerius,5
522,Diocletian,4,Diocletian,4
523,Diocletian,4,Diocletian,4
524,Diocletian,4,Diocletian,4
525,Diocletian,4,Diocletian,4
526,Diocletian,4,Diocletian,4
527,Diocletian,4,Diocletian,4
528,Diocletian,4,Diocletian,4
529,Diocletian,4,Diocletian,4
530,Diocletian,4,Diocletian,4
531,Diocletian,4,Diocletian,4
532,Diocletian,4,Diocletian,4
533,Diocletian,4,Diocletian,4
534,Diocletian,4,Diocletian,4
535,Diocletian,4,Diocletian,4
536,Diocletian,4,Diocletian,4
537,Diocletian,4,Diocletian,4
538,Diocletian,4,Licinius,8
539,Diocletian,4,Galerius,5
540,Diocletian,4,Diocletian,4
541,Diocletian,4,Diocletian,4
542,Diocletian,4,Diocletian,4
543,Diocletian,4,Diocletian,4
544,Diocletian,4,Gallienus,6
545,Diocletian,4,Diocletian,4
546,Diocletian,4,Diocletian,4
547,Diocletian,4,Diocletian,4
548,Diocletian,4,Diocletian,4
549,Diocletian,4,Diocletian,4
550,Diocletian,4,Diocletian,4
551,Diocletian,4,Diocletian,4
552,Diocletian,4,Maximian,10
553,Diocletian,4,Diocletian,4
554,Diocletian,4,Diocletian,4
555,Diocletian,4,Diocletian,4
556,Diocletian,4,Diocletian,4
557,Diocletian,4,Diocletian,4
558,Diocletian,4,Diocletian,4
559,Diocletian,4,Diocletian,4
560,Diocletian,4,Diocletian,4
561,Diocletian,4,Constantine II,2
562,Diocletian,4,Maximian,10
563,Diocletian,4,Diocletian,4
564,Diocletian,4,Diocletian,4
565,Diocletian,4,Constantius II,3
566,Diocletian,4,Diocletian,4
567,Diocletian,4,Diocletian,4
568,Diocletian,4,Diocletian,4
569,Diocletian,4,Diocletian,4
570,Diocletian,4,Diocletian,4
571,Diocletian,4,Diocletian,4
572,Diocletian,4,Diocletian,4
573,Diocletian,4,Galerius,5
574,Diocletian,4,Diocletian,4
575,Diocletian,4,Diocletian,4
576,Diocletian,4,Diocletian,4
577,Diocletian,4,Diocletian,4
578,Galerius,5,Galerius,5
579,Galerius,5,Maximian,10
580,Galerius,5,Diocletian,4
581,Galerius,5,Galerius,5
582,Galerius,5,Maximian,10
583,Galerius,5,Licinius,8
584,Galerius,5,Galerius,5
585,Galerius,5,Galerius,5
586,Galerius,5,Gallienus,6
587,Galerius,5,Galerius,5
588,Galerius,5,Galerius,5
589,Galerius,5,Galerius,5
590,Galerius,5,Maximian,10
591,Galerius,5,Galerius,5
592,Galerius,5,Maximian,10
593,Galerius,5,Galerius,5
594,Galerius,5,Galerius,5
595,Galerius,5,Galerius,5
596,Galerius,5,Galerius,5
597,Galerius,5,Galerius,5
598,Galerius,5,Galerius,5
599,Galerius,5,Maximian,10
600,Galerius,5,Galerius,5
601,Galerius,5,Maximian,10
602,Galerius,5,Galerius,5
603,Galerius,5,Galerius,5
604,Galerius,5,Galerius,5
605,Galerius,5,Galerius,5
606,Galerius,5,Galerius,5
607,Galerius,5,Galerius,5
608,Galerius,5,Galerius,5
609,Galerius,5,Galerius,5
610,Galerius,5,Galerius,5
611,Galerius,5,Galerius,5
612,Galerius,5,Galerius,5
613,Galerius,5,Galerius,5
614,Galerius,5,Maximian,10
615,Galerius,5,Maximian,10
616,Galerius,5,Galerius,5
617,Galerius,5,Galerius,5
618,Galerius,5,Galerius,5
619,Galerius,5,Galerius,5
620,Galerius,5,Galerius,5
621,Galerius,5,Galerius,5
622,Galerius,5,Galerius,5
623,Galerius,5,Galerius,5
624,Galerius,5,Galerius,5
625,Galerius,5,Galerius,5
626,Galerius,5,Galerius,5
627,Galerius,5,Galerius,5
628,Galerius,5,Galerius,5
629,Galerius,5,Galerius,5
630,Galerius,5,Galerius,5
631,Galerius,5,Maximian,10
632,Galerius,5,Galerius,5
633,Galerius,5,Diocletian,4
634,Galerius,5,Galerius,5
635,Galerius,5,Licinius,8
636,Galerius,5,Licinius,8
637,Galerius,5,Galerius,5
638,Galerius,5,Diocletian,4
639,Galerius,5,Diocletian,4
640,Galerius,5,Maximian,10
641,Galerius,5,Galerius,5
642,Galerius,5,Galerius,5
643,Galerius,5,Galerius,5
644,Galerius,5,Galerius,5
645,Galerius,5,Galerius,5
646,Galerius,5,Galerius,5
647,Galerius,5,Galerius,5
648,Galerius,5,Galerius,5
649,Galerius,5,Galerius,5
650,Galerius,5,Galerius,5
651,Galerius,5,Galerius,5
652,Galerius,5,Galerius,5
653,Galerius,5,Constantine II,2
654,Galerius,5,Licinius,8
655,Galerius,5,Licinius,8
656,Galerius,5,Galerius,5
657,Galerius,5,Galerius,5
658,Galerius,5,Galerius,5
659,Galerius,5,Galerius,5
660,Galerius,5,Galerius,5
661,Galerius,5,Galerius,5
662,Galerius,5,Galerius,5
663,Galerius,5,Galerius,5
664,Galerius,5,Galerius,5
665,Galerius,5,Galerius,5
666,Galerius,5,Galerius,5
667,Galerius,5,Galerius,5
668,Galerius,5,Galerius,5
669,Galerius,5,Galerius,5
670,Galerius,5,Galerius,5
671,Galerius,5,Galerius,5
672,Galerius,5,Galerius,5
673,Galerius,5,Galerius,5
674,Galerius,5,Galerius,5
675,Galerius,5,Galerius,5
676,Galerius,5,Galerius,5
677,Galerius,5,Galerius,5
678,Galerius,5,Galerius,5
679,Galerius,5,Galerius,5
680,Galerius,5,Galerius,5
681,Galerius,5,Galerius,5
682,Galerius,5,Galerius,5
683,Galerius,5,Galerius,5
684,Galerius,5,Galerius,5
685,Galerius,5,Maximian,10
686,Galerius,5,Diocletian,4
687,Galerius,5,Galerius,5
688,Galerius,5,Maximian,10
689,Galerius,5,Galerius,5
690,Galerius,5,Galerius,5
691,Galerius,5,Galerius,5
692,Gallienus,6,Gallienus,6
693,Gallienus,6,Gallienus,6
694,Gallienus,6,Gallienus,6
695,Gallienus,6,Gallienus,6
696,Gallienus,6,Gallienus,6
697,Gallienus,6,Gallienus,6
698,Gallienus,6,Gallienus,6
699,Gallienus,6,Gallienus,6
700,Gallienus,6,Gallienus,6
701,Gallienus,6,Gallienus,6
702,Gallienus,6,Gallienus,6
703,Gallienus,6,Gallienus,6
704,Gallienus,6,Gallienus,6
705,Gallienus,6,Gallienus,6
706,Gallienus,6,Gallienus,6
707,Gallienus,6,Gallienus,6
708,Gallienus,6,Gallienus,6
709,Gallienus,6,Gallienus,6
710,Gallienus,6,Gallienus,6
711,Gallienus,6,Gallienus,6
712,Gallienus,6,Gallienus,6
713,Gallienus,6,Gallienus,6
714,Gallienus,6,Gallienus,6
715,Gallienus,6,Gallienus,6
716,Gallienus,6,Gallienus,6
717,Gallienus,6,Gallienus,6
718,Gallienus,6,Gallienus,6
719,Gallienus,6,Gallienus,6
720,Gallienus,6,Gallienus,6
721,Gallienus,6,Gallienus,6
722,Gallienus,6,Gallienus,6
723,Gallienus,6,Gallienus,6
724,Gallienus,6,Gallienus,6
725,Gallienus,6,Gallienus,6
726,Gallienus,6,Gallienus,6
727,Gallienus,6,Gallienus,6
728,Gallienus,6,Gallienus,6
729,Gallienus,6,Gallienus,6
730,Gallienus,6,Gallienus,6
731,Gallienus,6,Gallienus,6
732,Gallienus,6,Gallienus,6
733,Gallienus,6,Gallienus,6
734,Gallienus,6,Gallienus,6
735,Gallienus,6,Gallienus,6
736,Gallienus,6,Gallienus,6
737,Gallienus,6,Gallienus,6
738,Gallienus,6,Gallienus,6
739,Gallienus,6,Gallienus,6
740,Gallienus,6,Gallienus,6
741,Gallienus,6,Gallienus,6
742,Gallienus,6,Gallienus,6
743,Gallienus,6,Gallienus,6
744,Gallienus,6,Gallienus,6
745,Gallienus,6,Gallienus,6
746,Gallienus,6,Gallienus,6
747,Gallienus,6,Constantius II,3
748,Gallienus,6,Gallienus,6
749,Gallienus,6,Gallienus,6
750,Gallienus,6,Gallienus,6
751,Gallienus,6,Gallienus,6
752,Gallienus,6,Gallienus,6
753,Gallienus,6,Gallienus,6
754,Gallienus,6,Gallienus,6
755,Gallienus,6,Gallienus,6
756,Gallienus,6,Gallienus,6
757,Gallienus,6,Gallienus,6
758,Gallienus,6,Gallienus,6
759,Gallienus,6,Gallienus,6
760,Gallienus,6,Gallienus,6
761,Gallienus,6,Gallienus,6
762,Gallienus,6,Gallienus,6
763,Gallienus,6,Gallienus,6
764,Gallienus,6,Gallienus,6
765,Gallienus,6,Gallienus,6
766,Gallienus,6,Gallienus,6
767,Gallienus,6,Gallienus,6
768,Gallienus,6,Gallienus,6
769,Gallienus,6,Gallienus,6
770,Gallienus,6,Gallienus,6
771,Gallienus,6,Gallienus,6
772,Gallienus,6,Gallienus,6
773,Gallienus,6,Gallienus,6
774,Gallienus,6,Gallienus,6
775,Gallienus,6,Gallienus,6
776,Gallienus,6,Gallienus,6
777,Gallienus,6,Gallienus,6
778,Gallienus,6,Gallienus,6
779,Gallienus,6,Gallienus,6
780,Gallienus,6,Gallienus,6
781,Gallienus,6,Gallienus,6
782,Gallienus,6,Gallienus,6
783,Gallienus,6,Gallienus,6
784,Gallienus,6,Gallienus,6
785,Gallienus,6,Gallienus,6
786,Gallienus,6,Gallienus,6
787,Gallienus,6,Gallienus,6
788,Gallienus,6,Gallienus,6
789,Gallienus,6,Gallienus,6
790,Gallienus,6,Gallienus,6
791,Gallienus,6,Gallienus,6
792,Gallienus,6,Gallienus,6
793,Gallienus,6,Gallienus,6
794,Gallienus,6,Gallienus,6
795,Gallienus,6,Gallienus,6
796,Gallienus,6,Gallienus,6
797,Gallienus,6,Gallienus,6
798,Gallienus,6,Gallienus,6
799,Gallienus,6,Gallienus,6
800,Gallienus,6,Gallienus,6
801,Gallienus,6,Gallienus,6
802,Gallienus,6,Diocletian,4
803,Gallienus,6,Gallienus,6
804,Gallienus,6,Gallienus,6
805,Gallienus,6,Gallienus,6
806,Gallienus,6,Gallienus,6
807,Gallienus,6,Gallienus,6
808,Gallienus,6,Gallienus,6
809,Gallienus,6,Gallienus,6
810,Gallienus,6,Gallienus,6
811,Gallienus,6,Constantius II,3
812,Gallienus,6,Gallienus,6
813,Gallienus,6,Gallienus,6
814,Gallienus,6,Gallienus,6
815,Gallienus,6,Gallienus,6
816,Gallienus,6,Gallienus,6
817,Gallienus,6,Gallienus,6
818,Gallienus,6,Gallienus,6
819,Gallienus,6,Gallienus,6
820,Gallienus,6,Gallienus,6
821,Gallienus,6,Gallienus,6
822,Gallienus,6,Gallienus,6
823,Gallienus,6,Gallienus,6
824,Gallienus,6,Gallienus,6
825,Gallienus,6,Gallienus,6
826,Gallienus,6,Gallienus,6
827,Gallienus,6,Gallienus,6
828,Gallienus,6,Gallienus,6
829,Gallienus,6,Gallienus,6
830,Gallienus,6,Gallienus,6
831,Gallienus,6,Gallienus,6
832,Hadrian,7,Hadrian,7
833,Hadrian,7,Hadrian,7
834,Hadrian,7,Hadrian,7
835,Hadrian,7,Constantine I,1
836,Hadrian,7,Hadrian,7
837,Hadrian,7,Hadrian,7
838,Hadrian,7,Hadrian,7
839,Hadrian,7,Hadrian,7
840,Hadrian,7,Marcus Aurelius,9
841,Hadrian,7,Hadrian,7
842,Hadrian,7,Hadrian,7
843,Hadrian,7,Antoninus Pius,0
844,Hadrian,7,Marcus Aurelius,9
845,Hadrian,7,Hadrian,7
846,Hadrian,7,Hadrian,7
847,Hadrian,7,Hadrian,7
848,Hadrian,7,Hadrian,7
849,Hadrian,7,Hadrian,7
850,Hadrian,7,Hadrian,7
851,Hadrian,7,Hadrian,7
852,Hadrian,7,Hadrian,7
853,Hadrian,7,Hadrian,7
854,Hadrian,7,Hadrian,7
855,Hadrian,7,Hadrian,7
856,Hadrian,7,Hadrian,7
857,Hadrian,7,Hadrian,7
858,Hadrian,7,Hadrian,7
859,Hadrian,7,Antoninus Pius,0
860,Hadrian,7,Hadrian,7
861,Hadrian,7,Hadrian,7
862,Hadrian,7,Hadrian,7
863,Hadrian,7,Hadrian,7
864,Hadrian,7,Hadrian,7
865,Hadrian,7,Hadrian,7
866,Hadrian,7,Hadrian,7
867,Hadrian,7,Hadrian,7
868,Hadrian,7,Hadrian,7
869,Hadrian,7,Hadrian,7
870,Hadrian,7,Antoninus Pius,0
871,Hadrian,7,Hadrian,7
872,Hadrian,7,Hadrian,7
873,Hadrian,7,Hadrian,7
874,Hadrian,7,Hadrian,7
875,Hadrian,7,Hadrian,7
876,Hadrian,7,Hadrian,7
877,Hadrian,7,Hadrian,7
878,Hadrian,7,Hadrian,7
879,Hadrian,7,Antoninus Pius,0
880,Hadrian,7,Hadrian,7
881,Hadrian,7,Hadrian,7
882,Hadrian,7,Antoninus Pius,0
883,Hadrian,7,Hadrian,7
884,Hadrian,7,Hadrian,7
885,Hadrian,7,Hadrian,7
886,Hadrian,7,Antoninus Pius,0
887,Hadrian,7,Hadrian,7
888,Hadrian,7,Hadrian,7
889,Hadrian,7,Trajan,11
890,Hadrian,7,Hadrian,7
891,Hadrian,7,Marcus Aurelius,9
892,Hadrian,7,Hadrian,7
893,Hadrian,7,Hadrian,7
894,Hadrian,7,Hadrian,7
895,Hadrian,7,Hadrian,7
896,Hadrian,7,Hadrian,7
897,Hadrian,7,Hadrian,7
898,Hadrian,7,Hadrian,7
899,Hadrian,7,Hadrian,7
900,Hadrian,7,Hadrian,7
901,Hadrian,7,Hadrian,7
902,Hadrian,7,Hadrian,7
903,Hadrian,7,Hadrian,7
904,Hadrian,7,Hadrian,7
905,Hadrian,7,Hadrian,7
906,Hadrian,7,Hadrian,7
907,Hadrian,7,Hadrian,7
908,Hadrian,7,Trajan,11
909,Hadrian,7,Hadrian,7
910,Hadrian,7,Hadrian,7
911,Hadrian,7,Hadrian,7
912,Hadrian,7,Hadrian,7
913,Hadrian,7,Hadrian,7
914,Hadrian,7,Hadrian,7
915,Hadrian,7,Hadrian,7
916,Hadrian,7,Hadrian,7
917,Hadrian,7,Hadrian,7
918,Hadrian,7,Hadrian,7
919,Hadrian,7,Antoninus Pius,0
920,Hadrian,7,Hadrian,7
921,Hadrian,7,Hadrian,7
922,Hadrian,7,Constantius II,3
923,Hadrian,7,Hadrian,7
924,Hadrian,7,Hadrian,7
925,Hadrian,7,Hadrian,7
926,Hadrian,7,Hadrian,7
927,Hadrian,7,Antoninus Pius,0
928,Hadrian,7,Hadrian,7
929,Hadrian,7,Hadrian,7
930,Hadrian,7,Hadrian,7
931,Hadrian,7,Antoninus Pius,0
932,Hadrian,7,Hadrian,7
933,Hadrian,7,Hadrian,7
934,Licinius,8,Constantine I,1
935,Licinius,8,Licinius,8
936,Licinius,8,Licinius,8
937,Licinius,8,Galerius,5
938,Licinius,8,Licinius,8
939,Licinius,8,Licinius,8
940,Licinius,8,Constantine I,1
941,Licinius,8,Licinius,8
942,Licinius,8,Licinius,8
943,Licinius,8,Licinius,8
944,Licinius,8,Licinius,8
945,Licinius,8,Licinius,8
946,Licinius,8,Licinius,8
947,Licinius,8,Licinius,8
948,Licinius,8,Galerius,5
949,Licinius,8,Licinius,8
950,Licinius,8,Licinius,8
951,Licinius,8,Licinius,8
952,Licinius,8,Licinius,8
953,Licinius,8,Licinius,8
954,Licinius,8,Licinius,8
955,Licinius,8,Licinius,8
956,Licinius,8,Licinius,8
957,Licinius,8,Licinius,8
958,Licinius,8,Licinius,8
959,Licinius,8,Licinius,8
960,Licinius,8,Constantine I,1
961,Licinius,8,Constantine I,1
962,Licinius,8,Licinius,8
963,Licinius,8,Galerius,5
964,Licinius,8,Licinius,8
965,Licinius,8,Licinius,8
966,Licinius,8,Maximian,10
967,Licinius,8,Constantine I,1
968,Licinius,8,Licinius,8
969,Licinius,8,Licinius,8
970,Licinius,8,Licinius,8
971,Licinius,8,Licinius,8
972,Licinius,8,Licinius,8
973,Licinius,8,Licinius,8
974,Licinius,8,Galerius,5
975,Licinius,8,Licinius,8
976,Licinius,8,Constantine I,1
977,Licinius,8,Licinius,8
978,Licinius,8,Licinius,8
979,Licinius,8,Licinius,8
980,Licinius,8,Licinius,8
981,Licinius,8,Licinius,8
982,Licinius,8,Licinius,8
983,Licinius,8,Licinius,8
984,Licinius,8,Constantine I,1
985,Licinius,8,Licinius,8
986,Licinius,8,Licinius,8
987,Licinius,8,Licinius,8
988,Licinius,8,Licinius,8
989,Licinius,8,Licinius,8
990,Licinius,8,Licinius,8
991,Licinius,8,Licinius,8
992,Licinius,8,Licinius,8
993,Licinius,8,Licinius,8
994,Licinius,8,Licinius,8
995,Licinius,8,Licinius,8
996,Licinius,8,Licinius,8
997,Licinius,8,Licinius,8
998,Licinius,8,Licinius,8
999,Licinius,8,Licinius,8
1000,Licinius,8,Licinius,8
1001,Licinius,8,Licinius,8
1002,Licinius,8,Licinius,8
1003,Licinius,8,Licinius,8
1004,Licinius,8,Licinius,8
1005,Licinius,8,Licinius,8
1006,Licinius,8,Licinius,8
1007,Licinius,8,Galerius,5
1008,Licinius,8,Licinius,8
1009,Licinius,8,Licinius,8
1010,Licinius,8,Licinius,8
1011,Licinius,8,Licinius,8
1012,Licinius,8,Licinius,8
1013,Licinius,8,Licinius,8
1014,Licinius,8,Licinius,8
1015,Licinius,8,Constantine I,1
1016,Licinius,8,Licinius,8
1017,Licinius,8,Licinius,8
1018,Licinius,8,Licinius,8
1019,Licinius,8,Licinius,8
1020,Licinius,8,Licinius,8
1021,Licinius,8,Licinius,8
1022,Licinius,8,Licinius,8
1023,Licinius,8,Licinius,8
1024,Licinius,8,Licinius,8
1025,Licinius,8,Licinius,8
1026,Licinius,8,Licinius,8
1027,Licinius,8,Licinius,8
1028,Licinius,8,Galerius,5
1029,Licinius,8,Licinius,8
1030,Licinius,8,Maximian,10
1031,Licinius,8,Licinius,8
1032,Licinius,8,Licinius,8
1033,Licinius,8,Licinius,8
1034,Licinius,8,Licinius,8
1035,Licinius,8,Licinius,8
1036,Licinius,8,Licinius,8
1037,Licinius,8,Licinius,8
1038,Licinius,8,Licinius,8
1039,Licinius,8,Galerius,5
1040,Licinius,8,Licinius,8
1041,Licinius,8,Constantine I,1
1042,Licinius,8,Licinius,8
1043,Licinius,8,Galerius,5
1044,Licinius,8,Constantine I,1
1045,Licinius,8,Licinius,8
1046,Licinius,8,Licinius,8
1047,Licinius,8,Licinius,8
1048,Licinius,8,Licinius,8
1049,Licinius,8,Licinius,8
1050,Licinius,8,Licinius,8
1051,Licinius,8,Licinius,8
1052,Licinius,8,Licinius,8
1053,Licinius,8,Galerius,5
1054,Marcus Aurelius,9,Marcus Aurelius,9
1055,Marcus Aurelius,9,Marcus Aurelius,9
1056,Marcus Aurelius,9,Antoninus Pius,0
1057,Marcus Aurelius,9,Hadrian,7
1058,Marcus Aurelius,9,Antoninus Pius,0
1059,Marcus Aurelius,9,Marcus Aurelius,9
1060,Marcus Aurelius,9,Antoninus Pius,0
1061,Marcus Aurelius,9,Marcus Aurelius,9
1062,Marcus Aurelius,9,Marcus Aurelius,9
1063,Marcus Aurelius,9,Hadrian,7
1064,Marcus Aurelius,9,Marcus Aurelius,9
1065,Marcus Aurelius,9,Marcus Aurelius,9
1066,Marcus Aurelius,9,Marcus Aurelius,9
1067,Marcus Aurelius,9,Marcus Aurelius,9
1068,Marcus Aurelius,9,Marcus Aurelius,9
1069,Marcus Aurelius,9,Marcus Aurelius,9
1070,Marcus Aurelius,9,Marcus Aurelius,9
1071,Marcus Aurelius,9,Marcus Aurelius,9
1072,Marcus Aurelius,9,Hadrian,7
1073,Marcus Aurelius,9,Antoninus Pius,0
1074,Marcus Aurelius,9,Marcus Aurelius,9
1075,Marcus Aurelius,9,Marcus Aurelius,9
1076,Marcus Aurelius,9,Marcus Aurelius,9
1077,Marcus Aurelius,9,Gallienus,6
1078,Marcus Aurelius,9,Hadrian,7
1079,Marcus Aurelius,9,Antoninus Pius,0
1080,Marcus Aurelius,9,Antoninus Pius,0
1081,Marcus Aurelius,9,Marcus Aurelius,9
1082,Marcus Aurelius,9,Marcus Aurelius,9
1083,Marcus Aurelius,9,Marcus Aurelius,9
1084,Marcus Aurelius,9,Marcus Aurelius,9
1085,Marcus Aurelius,9,Marcus Aurelius,9
1086,Marcus Aurelius,9,Marcus Aurelius,9
1087,Marcus Aurelius,9,Hadrian,7
1088,Marcus Aurelius,9,Marcus Aurelius,9
1089,Marcus Aurelius,9,Marcus Aurelius,9
1090,Marcus Aurelius,9,Marcus Aurelius,9
1091,Marcus Aurelius,9,Marcus Aurelius,9
1092,Marcus Aurelius,9,Marcus Aurelius,9
1093,Marcus Aurelius,9,Marcus Aurelius,9
1094,Marcus Aurelius,9,Marcus Aurelius,9
1095,Marcus Aurelius,9,Marcus Aurelius,9
1096,Marcus Aurelius,9,Marcus Aurelius,9
1097,Marcus Aurelius,9,Marcus Aurelius,9
1098,Marcus Aurelius,9,Marcus Aurelius,9
1099,Marcus Aurelius,9,Marcus Aurelius,9
1100,Marcus Aurelius,9,Marcus Aurelius,9
1101,Marcus Aurelius,9,Marcus Aurelius,9
1102,Marcus Aurelius,9,Marcus Aurelius,9
1103,Marcus Aurelius,9,Marcus Aurelius,9
1104,Marcus Aurelius,9,Marcus Aurelius,9
1105,Marcus Aurelius,9,Marcus Aurelius,9
1106,Marcus Aurelius,9,Marcus Aurelius,9
1107,Marcus Aurelius,9,Marcus Aurelius,9
1108,Marcus Aurelius,9,Marcus Aurelius,9
1109,Marcus Aurelius,9,Marcus Aurelius,9
1110,Marcus Aurelius,9,Marcus Aurelius,9
1111,Marcus Aurelius,9,Marcus Aurelius,9
1112,Marcus Aurelius,9,Marcus Aurelius,9
1113,Marcus Aurelius,9,Marcus Aurelius,9
1114,Marcus Aurelius,9,Marcus Aurelius,9
1115,Marcus Aurelius,9,Marcus Aurelius,9
1116,Marcus Aurelius,9,Marcus Aurelius,9
1117,Marcus Aurelius,9,Marcus Aurelius,9
1118,Marcus Aurelius,9,Marcus Aurelius,9
1119,Marcus Aurelius,9,Marcus Aurelius,9
1120,Marcus Aurelius,9,Marcus Aurelius,9
1121,Marcus Aurelius,9,Marcus Aurelius,9
1122,Marcus Aurelius,9,Antoninus Pius,0
1123,Marcus Aurelius,9,Marcus Aurelius,9
1124,Marcus Aurelius,9,Marcus Aurelius,9
1125,Marcus Aurelius,9,Marcus Aurelius,9
1126,Marcus Aurelius,9,Marcus Aurelius,9
1127,Marcus Aurelius,9,Marcus Aurelius,9
1128,Marcus Aurelius,9,Marcus Aurelius,9
1129,Marcus Aurelius,9,Marcus Aurelius,9
1130,Marcus Aurelius,9,Marcus Aurelius,9
1131,Marcus Aurelius,9,Antoninus Pius,0
1132,Marcus Aurelius,9,Marcus Aurelius,9
1133,Marcus Aurelius,9,Marcus Aurelius,9
1134,Marcus Aurelius,9,Marcus Aurelius,9
1135,Marcus Aurelius,9,Constantine II,2
1136,Marcus Aurelius,9,Antoninus Pius,0
1137,Marcus Aurelius,9,Marcus Aurelius,9
1138,Marcus Aurelius,9,Trajan,11
1139,Marcus Aurelius,9,Marcus Aurelius,9
1140,Marcus Aurelius,9,Marcus Aurelius,9
1141,Marcus Aurelius,9,Marcus Aurelius,9
1142,Marcus Aurelius,9,Marcus Aurelius,9
1143,Marcus Aurelius,9,Marcus Aurelius,9
1144,Marcus Aurelius,9,Marcus Aurelius,9
1145,Marcus Aurelius,9,Marcus Aurelius,9
1146,Marcus Aurelius,9,Marcus Aurelius,9
1147,Marcus Aurelius,9,Marcus Aurelius,9
1148,Marcus Aurelius,9,Marcus Aurelius,9
1149,Marcus Aurelius,9,Marcus Aurelius,9
1150,Marcus Aurelius,9,Marcus Aurelius,9
1151,Marcus Aurelius,9,Marcus Aurelius,9
1152,Marcus Aurelius,9,Marcus Aurelius,9
1153,Marcus Aurelius,9,Marcus Aurelius,9
1154,Marcus Aurelius,9,Marcus Aurelius,9
1155,Marcus Aurelius,9,Marcus Aurelius,9
1156,Marcus Aurelius,9,Marcus Aurelius,9
1157,Marcus Aurelius,9,Marcus Aurelius,9
1158,Marcus Aurelius,9,Marcus Aurelius,9
1159,Marcus Aurelius,9,Marcus Aurelius,9
1160,Marcus Aurelius,9,Marcus Aurelius,9
1161,Marcus Aurelius,9,Marcus Aurelius,9
1162,Marcus Aurelius,9,Marcus Aurelius,9
1163,Marcus Aurelius,9,Marcus Aurelius,9
1164,Marcus Aurelius,9,Trajan,11
1165,Marcus Aurelius,9,Antoninus Pius,0
1166,Marcus Aurelius,9,Marcus Aurelius,9
1167,Marcus Aurelius,9,Marcus Aurelius,9
1168,Marcus Aurelius,9,Marcus Aurelius,9
1169,Marcus Aurelius,9,Gallienus,6
1170,Maximian,10,Maximian,10
1171,Maximian,10,Maximian,10
1172,Maximian,10,Constantius II,3
1173,Maximian,10,Maximian,10
1174,Maximian,10,Maximian,10
1175,Maximian,10,Maximian,10
1176,Maximian,10,Galerius,5
1177,Maximian,10,Maximian,10
1178,Maximian,10,Maximian,10
1179,Maximian,10,Maximian,10
1180,Maximian,10,Maximian,10
1181,Maximian,10,Maximian,10
1182,Maximian,10,Galerius,5
1183,Maximian,10,Maximian,10
1184,Maximian,10,Maximian,10
1185,Maximian,10,Maximian,10
1186,Maximian,10,Maximian,10
1187,Maximian,10,Diocletian,4
1188,Maximian,10,Maximian,10
1189,Maximian,10,Maximian,10
1190,Maximian,10,Galerius,5
1191,Maximian,10,Maximian,10
1192,Maximian,10,Galerius,5
1193,Maximian,10,Maximian,10
1194,Maximian,10,Diocletian,4
1195,Maximian,10,Galerius,5
1196,Maximian,10,Maximian,10
1197,Maximian,10,Galerius,5
1198,Maximian,10,Maximian,10
1199,Maximian,10,Diocletian,4
1200,Maximian,10,Maximian,10
1201,Maximian,10,Maximian,10
1202,Maximian,10,Maximian,10
1203,Maximian,10,Maximian,10
1204,Maximian,10,Maximian,10
1205,Maximian,10,Maximian,10
1206,Maximian,10,Maximian,10
1207,Maximian,10,Diocletian,4
1208,Maximian,10,Maximian,10
1209,Maximian,10,Maximian,10
1210,Maximian,10,Maximian,10
1211,Maximian,10,Maximian,10
1212,Maximian,10,Maximian,10
1213,Maximian,10,Licinius,8
1214,Maximian,10,Maximian,10
1215,Maximian,10,Maximian,10
1216,Maximian,10,Galerius,5
1217,Maximian,10,Maximian,10
1218,Maximian,10,Maximian,10
1219,Maximian,10,Maximian,10
1220,Maximian,10,Maximian,10
1221,Maximian,10,Maximian,10
1222,Maximian,10,Maximian,10
1223,Maximian,10,Maximian,10
1224,Maximian,10,Maximian,10
1225,Maximian,10,Maximian,10
1226,Maximian,10,Maximian,10
1227,Maximian,10,Maximian,10
1228,Maximian,10,Maximian,10
1229,Maximian,10,Maximian,10
1230,Maximian,10,Maximian,10
1231,Maximian,10,Maximian,10
1232,Maximian,10,Maximian,10
1233,Maximian,10,Maximian,10
1234,Maximian,10,Maximian,10
1235,Maximian,10,Maximian,10
1236,Maximian,10,Maximian,10
1237,Maximian,10,Maximian,10
1238,Maximian,10,Maximian,10
1239,Maximian,10,Maximian,10
1240,Maximian,10,Maximian,10
1241,Maximian,10,Galerius,5
1242,Maximian,10,Maximian,10
1243,Maximian,10,Maximian,10
1244,Maximian,10,Maximian,10
1245,Maximian,10,Maximian,10
1246,Maximian,10,Maximian,10
1247,Maximian,10,Galerius,5
1248,Maximian,10,Maximian,10
1249,Maximian,10,Galerius,5
1250,Maximian,10,Maximian,10
1251,Maximian,10,Maximian,10
1252,Maximian,10,Constantius II,3
1253,Maximian,10,Maximian,10
1254,Maximian,10,Maximian,10
1255,Maximian,10,Maximian,10
1256,Maximian,10,Galerius,5
1257,Maximian,10,Maximian,10
1258,Trajan,11,Trajan,11
1259,Trajan,11,Trajan,11
1260,Trajan,11,Trajan,11
1261,Trajan,11,Diocletian,4
1262,Trajan,11,Trajan,11
1263,Trajan,11,Hadrian,7
1264,Trajan,11,Trajan,11
1265,Trajan,11,Trajan,11
1266,Trajan,11,Trajan,11
1267,Trajan,11,Hadrian,7
1268,Trajan,11,Trajan,11
1269,Trajan,11,Trajan,11
1270,Trajan,11,Hadrian,7
1271,Trajan,11,Trajan,11
1272,Trajan,11,Trajan,11
1273,Trajan,11,Trajan,11
1274,Trajan,11,Hadrian,7
1275,Trajan,11,Trajan,11
1276,Trajan,11,Constantine I,1
1277,Trajan,11,Trajan,11
1278,Trajan,11,Trajan,11
1279,Trajan,11,Trajan,11
1280,Trajan,11,Trajan,11
1281,Trajan,11,Trajan,11
1282,Trajan,11,Trajan,11
1283,Trajan,11,Trajan,11
1284,Trajan,11,Trajan,11
1285,Trajan,11,Trajan,11
1286,Trajan,11,Trajan,11
1287,Trajan,11,Trajan,11
1288,Trajan,11,Trajan,11
1289,Trajan,11,Trajan,11
1290,Trajan,11,Trajan,11
1291,Trajan,11,Trajan,11
1292,Trajan,11,Trajan,11
1293,Trajan,11,Trajan,11
1294,Trajan,11,Trajan,11
1295,Trajan,11,Trajan,11
1296,Trajan,11,Trajan,11
1297,Trajan,11,Antoninus Pius,0
1298,Trajan,11,Trajan,11
1299,Trajan,11,Trajan,11
1300,Trajan,11,Trajan,11
1301,Trajan,11,Trajan,11
1302,Trajan,11,Trajan,11
1303,Trajan,11,Trajan,11
1304,Trajan,11,Hadrian,7
1305,Trajan,11,Trajan,11
1306,Trajan,11,Trajan,11
1307,Trajan,11,Trajan,11
1308,Trajan,11,Trajan,11
1309,Trajan,11,Trajan,11
1310,Trajan,11,Trajan,11
1311,Trajan,11,Trajan,11
1312,Trajan,11,Trajan,11
1313,Trajan,11,Trajan,11
1314,Trajan,11,Trajan,11
1315,Trajan,11,Trajan,11
1316,Trajan,11,Trajan,11
1317,Trajan,11,Trajan,11
1318,Trajan,11,Trajan,11
1319,Trajan,11,Trajan,11
1320,Trajan,11,Trajan,11
1321,Trajan,11,Trajan,11
1322,Trajan,11,Trajan,11
1323,Trajan,11,Trajan,11
1324,Trajan,11,Trajan,11
1325,Trajan,11,Trajan,11
1326,Trajan,11,Trajan,11
1327,Trajan,11,Trajan,11
1328,Trajan,11,Trajan,11
1329,Trajan,11,Trajan,11
1330,Trajan,11,Trajan,11
1331,Trajan,11,Trajan,11
1332,Trajan,11,Trajan,11
1333,Trajan,11,Trajan,11
1334,Trajan,11,Trajan,11
1335,Trajan,11,Trajan,11
1336,Trajan,11,Trajan,11
1337,Trajan,11,Trajan,11
1338,Trajan,11,Trajan,11
1339,Trajan,11,Trajan,11
1340,Trajan,11,Trajan,11
1341,Trajan,11,Trajan,11
1342,Trajan,11,Trajan,11
1343,Trajan,11,Trajan,11
1344,Trajan,11,Trajan,11
1345,Trajan,11,Trajan,11
1346,Trajan,11,Trajan,11
1347,Trajan,11,Trajan,11
1348,Trajan,11,Trajan,11
1349,Trajan,11,Trajan,11
1350,Trajan,11,Trajan,11
1351,Trajan,11,Trajan,11
1352,Trajan,11,Trajan,11
1353,Trajan,11,Trajan,11
1354,Trajan,11,Trajan,11
1355,Trajan,11,Trajan,11
1356,Trajan,11,Trajan,11
1357,Trajan,11,Trajan,11
1358,Trajan,11,Trajan,11
1359,Trajan,11,Trajan,11
1360,Trajan,11,Trajan,11
1361,Trajan,11,Trajan,11
1362,Trajan,11,Hadrian,7
1363,Trajan,11,Trajan,11
1364,Trajan,11,Trajan,11
1365,Trajan,11,Trajan,11
1366,Trajan,11,Trajan,11
1367,Trajan,11,Trajan,11
1368,Trajan,11,Trajan,11
1369,Trajan,11,Trajan,11
1370,Trajan,11,Trajan,11
